topic,termNamesStr,domain,count
8,"[help, support, food, people, new]",tucson.com,202
8,"[help, support, food, people, new]",theguardian.com,407
8,"[help, support, food, people, new]",wickedlocal.com,1929
8,"[help, support, food, people, new]",cnn.com,208
8,"[help, support, food, people, new]",thestar.com.my,387
8,"[help, support, food, people, new]",business-standard.com,1096
8,"[help, support, food, people, new]",timesofisrael.com,115
8,"[help, support, food, people, new]",vanguardngr.com,349
8,"[help, support, food, people, new]",bbc.com,222
8,"[help, support, food, people, new]",daijiworld.com,243
8,"[help, support, food, people, new]",moneycontrol.com,385
8,"[help, support, food, people, new]",abc.net.au,280
8,"[help, support, food, people, new]",ctvnews.ca,765
8,"[help, support, food, people, new]",stltoday.com,406
8,"[help, support, food, people, new]",newindianexpress.com,175
8,"[help, support, food, people, new]",globalnews.ca,718
8,"[help, support, food, people, new]",aljazeera.com,168
8,"[help, support, food, people, new]",scoop.co.nz,1072
8,"[help, support, food, people, new]",theglobeandmail.com,395
8,"[help, support, food, people, new]",thenews.com.pk,418
8,"[help, support, food, people, new]",indianexpress.com,357
8,"[help, support, food, people, new]",thehour.com,290
8,"[help, support, food, people, new]",bbc.co.uk,421
8,"[help, support, food, people, new]",hindustantimes.com,389
8,"[help, support, food, people, new]",apnews.com,203
8,"[help, support, food, people, new]",gazette.com,179
8,"[help, support, food, people, new]",chron.com,815
8,"[help, support, food, people, new]",news12.com,164
8,"[help, support, food, people, new]",news.com.au,247
8,"[help, support, food, people, new]",pressandjournal.co.uk,633
8,"[help, support, food, people, new]",ndtv.com,212
8,"[help, support, food, people, new]",channelnewsasia.com,329
8,"[help, support, food, people, new]",siouxcityjournal.com,506
8,"[help, support, food, people, new]",accesswdun.com,127
8,"[help, support, food, people, new]",firstpost.com,217
8,"[help, support, food, people, new]",forbes.com,953
8,"[help, support, food, people, new]",thehindu.com,713
8,"[help, support, food, people, new]",gulfnews.com,264
8,"[help, support, food, people, new]",dailymail.co.uk,2031
8,"[help, support, food, people, new]",thehill.com,218
8,"[help, support, food, people, new]",msn.com,2659
8,"[help, support, food, people, new]",cbc.ca,771
8,"[help, support, food, people, new]",stamfordadvocate.com,336
8,"[help, support, food, people, new]",mirror.co.uk,354
8,"[help, support, food, people, new]",nbcnews.com,406
8,"[help, support, food, people, new]",foxnews.com,288
8,"[help, support, food, people, new]",newstimes.com,253
8,"[help, support, food, people, new]",princegeorgecitizen.com,326
8,"[help, support, food, people, new]",latimes.com,294
8,"[help, support, food, people, new]",washingtontimes.com,310
8,"[help, support, food, people, new]",indiatoday.in,165
8,"[help, support, food, people, new]",ksl.com,195
8,"[help, support, food, people, new]",inquirer.net,602
8,"[help, support, food, people, new]",stuff.co.nz,739
8,"[help, support, food, people, new]",iheart.com,2767
8,"[help, support, food, people, new]",chinadaily.com.cn,209
8,"[help, support, food, people, new]",netscape.com,135
8,"[help, support, food, people, new]",allafrica.com,1553
8,"[help, support, food, people, new]",china.org.cn,106
8,"[help, support, food, people, new]",thejakartapost.com,234
8,"[help, support, food, people, new]",telegraph.co.uk,448
8,"[help, support, food, people, new]",680news.com,266
8,"[help, support, food, people, new]",timesnownews.com,315
8,"[help, support, food, people, new]",greenwichtime.com,264
8,"[help, support, food, people, new]",ctpost.com,357
8,"[help, support, food, people, new]",orissapost.com,345
8,"[help, support, food, people, new]",patch.com,619
8,"[help, support, food, people, new]",reuters.com,1453
8,"[help, support, food, people, new]",nhregister.com,289
8,"[help, support, food, people, new]",prnewswire.com,1489
8,"[help, support, food, people, new]",aninews.in,318
8,"[help, support, food, people, new]",abs-cbn.com,279
8,"[help, support, food, people, new]",lmtonline.com,350
8,"[help, support, food, people, new]",eveningexpress.co.uk,640
8,"[help, support, food, people, new]",thestar.com,492
8,"[help, support, food, people, new]",wfmz.com,225
8,"[help, support, food, people, new]",straitstimes.com,341
8,"[help, support, food, people, new]",nzherald.co.nz,778
8,"[help, support, food, people, new]",reliefweb.int,1155
8,"[help, support, food, people, new]",dawn.com,165
8,"[help, support, food, people, new]",newsnow.co.uk,284
8,"[help, support, food, people, new]",cnbc.com,307
8,"[help, support, food, people, new]",marketwatch.com,389
8,"[help, support, food, people, new]",onlinenigeria.com,197
8,"[help, support, food, people, new]",ibtimes.com,211
8,"[help, support, food, people, new]",washingtonpost.com,448
8,"[help, support, food, people, new]",seattlepi.com,304
8,"[help, support, food, people, new]",nytimes.com,380
8,"[help, support, food, people, new]",usatoday.com,392
8,"[help, support, food, people, new]",thetelegraph.com,676
8,"[help, support, food, people, new]",sfgate.com,864
8,"[help, support, food, people, new]",prokerala.com,345
8,"[help, support, food, people, new]",xinhuanet.com,233
8,"[help, support, food, people, new]",fool.com,670
8,"[help, support, food, people, new]",indiatimes.com,1260
8,"[help, support, food, people, new]",yahoo.com,2860
8,"[help, support, food, people, new]",financialexpress.com,322
8,"[help, support, food, people, new]",go.com,228
8,"[help, support, food, people, new]",express.co.uk,482
8,"[help, support, food, people, new]",independent.co.uk,258
0,"[2020, school, new, time, students]",nbcnews.com,800
0,"[2020, school, new, time, students]",chinadaily.com.cn,300
0,"[2020, school, new, time, students]",straitstimes.com,246
0,"[2020, school, new, time, students]",patch.com,468
0,"[2020, school, new, time, students]",apnews.com,338
0,"[2020, school, new, time, students]",theguardian.com,587
0,"[2020, school, new, time, students]",globalnews.ca,607
0,"[2020, school, new, time, students]",indianexpress.com,568
0,"[2020, school, new, time, students]",stltoday.com,382
0,"[2020, school, new, time, students]",nytimes.com,895
0,"[2020, school, new, time, students]",xinhuanet.com,262
0,"[2020, school, new, time, students]",aninews.in,214
0,"[2020, school, new, time, students]",allafrica.com,803
0,"[2020, school, new, time, students]",680news.com,367
0,"[2020, school, new, time, students]",scoop.co.nz,321
0,"[2020, school, new, time, students]",eveningexpress.co.uk,370
0,"[2020, school, new, time, students]",dailymail.co.uk,3180
0,"[2020, school, new, time, students]",reliefweb.int,64
0,"[2020, school, new, time, students]",thehill.com,570
0,"[2020, school, new, time, students]",siouxcityjournal.com,229
0,"[2020, school, new, time, students]",ksl.com,406
0,"[2020, school, new, time, students]",thehour.com,624
0,"[2020, school, new, time, students]",thejakartapost.com,266
0,"[2020, school, new, time, students]",onlinenigeria.com,275
0,"[2020, school, new, time, students]",theglobeandmail.com,298
0,"[2020, school, new, time, students]",stamfordadvocate.com,664
0,"[2020, school, new, time, students]",yahoo.com,2551
0,"[2020, school, new, time, students]",ctvnews.ca,652
0,"[2020, school, new, time, students]",newsnow.co.uk,806
0,"[2020, school, new, time, students]",aljazeera.com,204
0,"[2020, school, new, time, students]",chron.com,1255
0,"[2020, school, new, time, students]",bbc.com,245
0,"[2020, school, new, time, students]",financialexpress.com,169
0,"[2020, school, new, time, students]",thestar.com,358
0,"[2020, school, new, time, students]",tucson.com,389
0,"[2020, school, new, time, students]",bbc.co.uk,466
0,"[2020, school, new, time, students]",cnbc.com,192
0,"[2020, school, new, time, students]",timesnownews.com,266
0,"[2020, school, new, time, students]",orissapost.com,447
0,"[2020, school, new, time, students]",reuters.com,1420
0,"[2020, school, new, time, students]",iheart.com,5781
0,"[2020, school, new, time, students]",princegeorgecitizen.com,471
0,"[2020, school, new, time, students]",indiatimes.com,1097
0,"[2020, school, new, time, students]",thetelegraph.com,1275
0,"[2020, school, new, time, students]",foxnews.com,749
0,"[2020, school, new, time, students]",nhregister.com,427
0,"[2020, school, new, time, students]",channelnewsasia.com,214
0,"[2020, school, new, time, students]",firstpost.com,460
0,"[2020, school, new, time, students]",abc.net.au,485
0,"[2020, school, new, time, students]",prokerala.com,736
0,"[2020, school, new, time, students]",express.co.uk,528
0,"[2020, school, new, time, students]",usatoday.com,823
0,"[2020, school, new, time, students]",prnewswire.com,333
0,"[2020, school, new, time, students]",news12.com,325
0,"[2020, school, new, time, students]",nzherald.co.nz,655
0,"[2020, school, new, time, students]",cbc.ca,679
0,"[2020, school, new, time, students]",lmtonline.com,853
0,"[2020, school, new, time, students]",ibtimes.com,379
0,"[2020, school, new, time, students]",ctpost.com,726
0,"[2020, school, new, time, students]",ndtv.com,283
0,"[2020, school, new, time, students]",stuff.co.nz,715
0,"[2020, school, new, time, students]",newindianexpress.com,169
0,"[2020, school, new, time, students]",business-standard.com,831
0,"[2020, school, new, time, students]",accesswdun.com,354
0,"[2020, school, new, time, students]",wickedlocal.com,1821
0,"[2020, school, new, time, students]",moneycontrol.com,121
0,"[2020, school, new, time, students]",washingtontimes.com,988
0,"[2020, school, new, time, students]",china.org.cn,100
0,"[2020, school, new, time, students]",marketwatch.com,223
0,"[2020, school, new, time, students]",pressandjournal.co.uk,368
0,"[2020, school, new, time, students]",independent.co.uk,362
0,"[2020, school, new, time, students]",latimes.com,564
0,"[2020, school, new, time, students]",newstimes.com,549
0,"[2020, school, new, time, students]",hindustantimes.com,675
0,"[2020, school, new, time, students]",thestar.com.my,322
0,"[2020, school, new, time, students]",gazette.com,331
0,"[2020, school, new, time, students]",seattlepi.com,757
0,"[2020, school, new, time, students]",news.com.au,235
0,"[2020, school, new, time, students]",thenews.com.pk,412
0,"[2020, school, new, time, students]",greenwichtime.com,640
0,"[2020, school, new, time, students]",thehindu.com,543
0,"[2020, school, new, time, students]",forbes.com,864
0,"[2020, school, new, time, students]",sfgate.com,1717
0,"[2020, school, new, time, students]",telegraph.co.uk,375
0,"[2020, school, new, time, students]",fool.com,250
0,"[2020, school, new, time, students]",inquirer.net,424
0,"[2020, school, new, time, students]",dawn.com,346
0,"[2020, school, new, time, students]",daijiworld.com,534
0,"[2020, school, new, time, students]",cnn.com,388
0,"[2020, school, new, time, students]",mirror.co.uk,666
0,"[2020, school, new, time, students]",vanguardngr.com,362
0,"[2020, school, new, time, students]",go.com,391
0,"[2020, school, new, time, students]",abs-cbn.com,225
0,"[2020, school, new, time, students]",indiatoday.in,429
0,"[2020, school, new, time, students]",msn.com,3626
0,"[2020, school, new, time, students]",wfmz.com,240
0,"[2020, school, new, time, students]",washingtonpost.com,860
0,"[2020, school, new, time, students]",netscape.com,185
0,"[2020, school, new, time, students]",timesofisrael.com,297
0,"[2020, school, new, time, students]",gulfnews.com,170
4,"[health, county, state, cases, public]",newindianexpress.com,103
4,"[health, county, state, cases, public]",thehindu.com,537
4,"[health, county, state, cases, public]",sfgate.com,2708
4,"[health, county, state, cases, public]",aninews.in,210
4,"[health, county, state, cases, public]",ndtv.com,63
4,"[health, county, state, cases, public]",chron.com,1978
4,"[health, county, state, cases, public]",newsnow.co.uk,56
4,"[health, county, state, cases, public]",pressandjournal.co.uk,59
4,"[health, county, state, cases, public]",newstimes.com,543
4,"[health, county, state, cases, public]",washingtonpost.com,503
4,"[health, county, state, cases, public]",inquirer.net,714
4,"[health, county, state, cases, public]",xinhuanet.com,92
4,"[health, county, state, cases, public]",yahoo.com,1294
4,"[health, county, state, cases, public]",marketwatch.com,106
4,"[health, county, state, cases, public]",gazette.com,588
4,"[health, county, state, cases, public]",usatoday.com,295
4,"[health, county, state, cases, public]",ibtimes.com,133
4,"[health, county, state, cases, public]",prnewswire.com,171
4,"[health, county, state, cases, public]",nhregister.com,760
4,"[health, county, state, cases, public]",fool.com,42
4,"[health, county, state, cases, public]",timesofisrael.com,81
4,"[health, county, state, cases, public]",netscape.com,115
4,"[health, county, state, cases, public]",telegraph.co.uk,30
4,"[health, county, state, cases, public]",greenwichtime.com,662
4,"[health, county, state, cases, public]",stamfordadvocate.com,618
4,"[health, county, state, cases, public]",chinadaily.com.cn,48
4,"[health, county, state, cases, public]",ksl.com,594
4,"[health, county, state, cases, public]",aljazeera.com,60
4,"[health, county, state, cases, public]",wfmz.com,372
4,"[health, county, state, cases, public]",orissapost.com,205
4,"[health, county, state, cases, public]",abs-cbn.com,133
4,"[health, county, state, cases, public]",scoop.co.nz,199
4,"[health, county, state, cases, public]",siouxcityjournal.com,372
4,"[health, county, state, cases, public]",timesnownews.com,72
4,"[health, county, state, cases, public]",tucson.com,479
4,"[health, county, state, cases, public]",news.com.au,99
4,"[health, county, state, cases, public]",firstpost.com,63
4,"[health, county, state, cases, public]",ctvnews.ca,862
4,"[health, county, state, cases, public]",go.com,351
4,"[health, county, state, cases, public]",theglobeandmail.com,153
4,"[health, county, state, cases, public]",financialexpress.com,55
4,"[health, county, state, cases, public]",mirror.co.uk,28
4,"[health, county, state, cases, public]",dailymail.co.uk,706
4,"[health, county, state, cases, public]",iheart.com,3841
4,"[health, county, state, cases, public]",thestar.com.my,201
4,"[health, county, state, cases, public]",ctpost.com,743
4,"[health, county, state, cases, public]",eveningexpress.co.uk,55
4,"[health, county, state, cases, public]",theguardian.com,121
4,"[health, county, state, cases, public]",thenews.com.pk,171
4,"[health, county, state, cases, public]",thejakartapost.com,55
4,"[health, county, state, cases, public]",seattlepi.com,769
4,"[health, county, state, cases, public]",china.org.cn,40
4,"[health, county, state, cases, public]",dawn.com,77
4,"[health, county, state, cases, public]",thetelegraph.com,1754
4,"[health, county, state, cases, public]",moneycontrol.com,37
4,"[health, county, state, cases, public]",prokerala.com,165
4,"[health, county, state, cases, public]",nbcnews.com,845
4,"[health, county, state, cases, public]",channelnewsasia.com,105
4,"[health, county, state, cases, public]",foxnews.com,587
4,"[health, county, state, cases, public]",onlinenigeria.com,312
4,"[health, county, state, cases, public]",cnn.com,296
4,"[health, county, state, cases, public]",stltoday.com,596
4,"[health, county, state, cases, public]",stuff.co.nz,132
4,"[health, county, state, cases, public]",cbc.ca,709
4,"[health, county, state, cases, public]",washingtontimes.com,1165
4,"[health, county, state, cases, public]",abc.net.au,55
4,"[health, county, state, cases, public]",wickedlocal.com,4169
4,"[health, county, state, cases, public]",cnbc.com,127
4,"[health, county, state, cases, public]",forbes.com,156
4,"[health, county, state, cases, public]",msn.com,5076
4,"[health, county, state, cases, public]",thestar.com,291
4,"[health, county, state, cases, public]",express.co.uk,16
4,"[health, county, state, cases, public]",business-standard.com,519
4,"[health, county, state, cases, public]",princegeorgecitizen.com,250
4,"[health, county, state, cases, public]",apnews.com,474
4,"[health, county, state, cases, public]",bbc.com,57
4,"[health, county, state, cases, public]",independent.co.uk,99
4,"[health, county, state, cases, public]",lmtonline.com,809
4,"[health, county, state, cases, public]",reuters.com,576
4,"[health, county, state, cases, public]",nytimes.com,319
4,"[health, county, state, cases, public]",latimes.com,784
4,"[health, county, state, cases, public]",thehour.com,713
4,"[health, county, state, cases, public]",patch.com,1838
4,"[health, county, state, cases, public]",accesswdun.com,340
4,"[health, county, state, cases, public]",bbc.co.uk,63
4,"[health, county, state, cases, public]",allafrica.com,560
4,"[health, county, state, cases, public]",daijiworld.com,132
4,"[health, county, state, cases, public]",indiatimes.com,545
4,"[health, county, state, cases, public]",indiatoday.in,84
4,"[health, county, state, cases, public]",680news.com,282
4,"[health, county, state, cases, public]",gulfnews.com,75
4,"[health, county, state, cases, public]",reliefweb.int,115
4,"[health, county, state, cases, public]",globalnews.ca,694
4,"[health, county, state, cases, public]",straitstimes.com,107
4,"[health, county, state, cases, public]",indianexpress.com,233
4,"[health, county, state, cases, public]",vanguardngr.com,370
4,"[health, county, state, cases, public]",thehill.com,404
4,"[health, county, state, cases, public]",hindustantimes.com,242
4,"[health, county, state, cases, public]",nzherald.co.nz,171
4,"[health, county, state, cases, public]",news12.com,438
7,"[new, china, lockdown, people, travel]",firstpost.com,396
7,"[new, china, lockdown, people, travel]",thenews.com.pk,1071
7,"[new, china, lockdown, people, travel]",scoop.co.nz,164
7,"[new, china, lockdown, people, travel]",netscape.com,627
7,"[new, china, lockdown, people, travel]",gazette.com,388
7,"[new, china, lockdown, people, travel]",ibtimes.com,791
7,"[new, china, lockdown, people, travel]",680news.com,461
7,"[new, china, lockdown, people, travel]",marketwatch.com,151
7,"[new, china, lockdown, people, travel]",thehindu.com,1027
7,"[new, china, lockdown, people, travel]",mirror.co.uk,454
7,"[new, china, lockdown, people, travel]",china.org.cn,659
7,"[new, china, lockdown, people, travel]",aninews.in,817
7,"[new, china, lockdown, people, travel]",apnews.com,448
7,"[new, china, lockdown, people, travel]",stuff.co.nz,649
7,"[new, china, lockdown, people, travel]",cnbc.com,395
7,"[new, china, lockdown, people, travel]",financialexpress.com,405
7,"[new, china, lockdown, people, travel]",thestar.com.my,1403
7,"[new, china, lockdown, people, travel]",msn.com,6372
7,"[new, china, lockdown, people, travel]",thehill.com,165
7,"[new, china, lockdown, people, travel]",tucson.com,618
7,"[new, china, lockdown, people, travel]",indiatoday.in,558
7,"[new, china, lockdown, people, travel]",aljazeera.com,1089
7,"[new, china, lockdown, people, travel]",prnewswire.com,70
7,"[new, china, lockdown, people, travel]",washingtonpost.com,655
7,"[new, china, lockdown, people, travel]",chron.com,1259
7,"[new, china, lockdown, people, travel]",abs-cbn.com,648
7,"[new, china, lockdown, people, travel]",ksl.com,717
7,"[new, china, lockdown, people, travel]",cnn.com,537
7,"[new, china, lockdown, people, travel]",go.com,557
7,"[new, china, lockdown, people, travel]",business-standard.com,2441
7,"[new, china, lockdown, people, travel]",nytimes.com,1475
7,"[new, china, lockdown, people, travel]",abc.net.au,605
7,"[new, china, lockdown, people, travel]",seattlepi.com,745
7,"[new, china, lockdown, people, travel]",timesnownews.com,678
7,"[new, china, lockdown, people, travel]",wfmz.com,482
7,"[new, china, lockdown, people, travel]",eveningexpress.co.uk,429
7,"[new, china, lockdown, people, travel]",nbcnews.com,899
7,"[new, china, lockdown, people, travel]",news.com.au,762
7,"[new, china, lockdown, people, travel]",xinhuanet.com,1722
7,"[new, china, lockdown, people, travel]",theglobeandmail.com,374
7,"[new, china, lockdown, people, travel]",reliefweb.int,342
7,"[new, china, lockdown, people, travel]",ndtv.com,681
7,"[new, china, lockdown, people, travel]",prokerala.com,723
7,"[new, china, lockdown, people, travel]",theguardian.com,834
7,"[new, china, lockdown, people, travel]",newsnow.co.uk,986
7,"[new, china, lockdown, people, travel]",newstimes.com,497
7,"[new, china, lockdown, people, travel]",siouxcityjournal.com,402
7,"[new, china, lockdown, people, travel]",dailymail.co.uk,3279
7,"[new, china, lockdown, people, travel]",washingtontimes.com,418
7,"[new, china, lockdown, people, travel]",yahoo.com,3288
7,"[new, china, lockdown, people, travel]",bbc.co.uk,528
7,"[new, china, lockdown, people, travel]",timesofisrael.com,963
7,"[new, china, lockdown, people, travel]",iheart.com,612
7,"[new, china, lockdown, people, travel]",fool.com,101
7,"[new, china, lockdown, people, travel]",sfgate.com,1634
7,"[new, china, lockdown, people, travel]",globalnews.ca,437
7,"[new, china, lockdown, people, travel]",straitstimes.com,1279
7,"[new, china, lockdown, people, travel]",orissapost.com,545
7,"[new, china, lockdown, people, travel]",newindianexpress.com,567
7,"[new, china, lockdown, people, travel]",thestar.com,431
7,"[new, china, lockdown, people, travel]",thetelegraph.com,1306
7,"[new, china, lockdown, people, travel]",indiatimes.com,2288
7,"[new, china, lockdown, people, travel]",inquirer.net,927
7,"[new, china, lockdown, people, travel]",nzherald.co.nz,605
7,"[new, china, lockdown, people, travel]",usatoday.com,289
7,"[new, china, lockdown, people, travel]",princegeorgecitizen.com,341
7,"[new, china, lockdown, people, travel]",nhregister.com,619
7,"[new, china, lockdown, people, travel]",stamfordadvocate.com,542
7,"[new, china, lockdown, people, travel]",indianexpress.com,915
7,"[new, china, lockdown, people, travel]",greenwichtime.com,539
7,"[new, china, lockdown, people, travel]",wickedlocal.com,79
7,"[new, china, lockdown, people, travel]",telegraph.co.uk,626
7,"[new, china, lockdown, people, travel]",pressandjournal.co.uk,434
7,"[new, china, lockdown, people, travel]",latimes.com,229
7,"[new, china, lockdown, people, travel]",channelnewsasia.com,1034
7,"[new, china, lockdown, people, travel]",lmtonline.com,570
7,"[new, china, lockdown, people, travel]",ctvnews.ca,571
7,"[new, china, lockdown, people, travel]",allafrica.com,885
7,"[new, china, lockdown, people, travel]",news12.com,630
7,"[new, china, lockdown, people, travel]",onlinenigeria.com,266
7,"[new, china, lockdown, people, travel]",patch.com,70
7,"[new, china, lockdown, people, travel]",ctpost.com,589
7,"[new, china, lockdown, people, travel]",cbc.ca,469
7,"[new, china, lockdown, people, travel]",daijiworld.com,469
7,"[new, china, lockdown, people, travel]",chinadaily.com.cn,737
7,"[new, china, lockdown, people, travel]",reuters.com,10090
7,"[new, china, lockdown, people, travel]",thejakartapost.com,760
7,"[new, china, lockdown, people, travel]",express.co.uk,933
7,"[new, china, lockdown, people, travel]",accesswdun.com,696
7,"[new, china, lockdown, people, travel]",thehour.com,572
7,"[new, china, lockdown, people, travel]",independent.co.uk,887
7,"[new, china, lockdown, people, travel]",stltoday.com,468
7,"[new, china, lockdown, people, travel]",vanguardngr.com,338
7,"[new, china, lockdown, people, travel]",moneycontrol.com,302
7,"[new, china, lockdown, people, travel]",hindustantimes.com,1068
7,"[new, china, lockdown, people, travel]",gulfnews.com,793
7,"[new, china, lockdown, people, travel]",forbes.com,369
7,"[new, china, lockdown, people, travel]",dawn.com,625
7,"[new, china, lockdown, people, travel]",bbc.com,719
7,"[new, china, lockdown, people, travel]",foxnews.com,404
3,"[positive, tested, news, home, people]",financialexpress.com,99
3,"[positive, tested, news, home, people]",cnn.com,292
3,"[positive, tested, news, home, people]",siouxcityjournal.com,160
3,"[positive, tested, news, home, people]",thejakartapost.com,116
3,"[positive, tested, news, home, people]",thehindu.com,445
3,"[positive, tested, news, home, people]",vanguardngr.com,273
3,"[positive, tested, news, home, people]",dailymail.co.uk,3535
3,"[positive, tested, news, home, people]",bbc.com,281
3,"[positive, tested, news, home, people]",washingtontimes.com,276
3,"[positive, tested, news, home, people]",timesnownews.com,250
3,"[positive, tested, news, home, people]",marketwatch.com,112
3,"[positive, tested, news, home, people]",nhregister.com,180
3,"[positive, tested, news, home, people]",nytimes.com,465
3,"[positive, tested, news, home, people]",ctpost.com,226
3,"[positive, tested, news, home, people]",ctvnews.ca,421
3,"[positive, tested, news, home, people]",straitstimes.com,188
3,"[positive, tested, news, home, people]",accesswdun.com,155
3,"[positive, tested, news, home, people]",xinhuanet.com,91
3,"[positive, tested, news, home, people]",china.org.cn,39
3,"[positive, tested, news, home, people]",washingtonpost.com,414
3,"[positive, tested, news, home, people]",chron.com,510
3,"[positive, tested, news, home, people]",reliefweb.int,13
3,"[positive, tested, news, home, people]",express.co.uk,810
3,"[positive, tested, news, home, people]",stltoday.com,206
3,"[positive, tested, news, home, people]",lmtonline.com,219
3,"[positive, tested, news, home, people]",seattlepi.com,257
3,"[positive, tested, news, home, people]",bbc.co.uk,447
3,"[positive, tested, news, home, people]",sfgate.com,692
3,"[positive, tested, news, home, people]",inquirer.net,1080
3,"[positive, tested, news, home, people]",business-standard.com,679
3,"[positive, tested, news, home, people]",scoop.co.nz,45
3,"[positive, tested, news, home, people]",timesofisrael.com,184
3,"[positive, tested, news, home, people]",indianexpress.com,461
3,"[positive, tested, news, home, people]",gazette.com,110
3,"[positive, tested, news, home, people]",thenews.com.pk,429
3,"[positive, tested, news, home, people]",forbes.com,205
3,"[positive, tested, news, home, people]",thehill.com,166
3,"[positive, tested, news, home, people]",news.com.au,350
3,"[positive, tested, news, home, people]",thestar.com,785
3,"[positive, tested, news, home, people]",apnews.com,144
3,"[positive, tested, news, home, people]",theglobeandmail.com,194
3,"[positive, tested, news, home, people]",channelnewsasia.com,177
3,"[positive, tested, news, home, people]",aninews.in,239
3,"[positive, tested, news, home, people]",princegeorgecitizen.com,201
3,"[positive, tested, news, home, people]",dawn.com,199
3,"[positive, tested, news, home, people]",fool.com,44
3,"[positive, tested, news, home, people]",firstpost.com,166
3,"[positive, tested, news, home, people]",daijiworld.com,301
3,"[positive, tested, news, home, people]",patch.com,279
3,"[positive, tested, news, home, people]",newstimes.com,196
3,"[positive, tested, news, home, people]",680news.com,168
3,"[positive, tested, news, home, people]",yahoo.com,1351
3,"[positive, tested, news, home, people]",prnewswire.com,14
3,"[positive, tested, news, home, people]",latimes.com,274
3,"[positive, tested, news, home, people]",reuters.com,1005
3,"[positive, tested, news, home, people]",chinadaily.com.cn,79
3,"[positive, tested, news, home, people]",telegraph.co.uk,329
3,"[positive, tested, news, home, people]",wfmz.com,135
3,"[positive, tested, news, home, people]",news12.com,215
3,"[positive, tested, news, home, people]",wickedlocal.com,1370
3,"[positive, tested, news, home, people]",allafrica.com,311
3,"[positive, tested, news, home, people]",ibtimes.com,239
3,"[positive, tested, news, home, people]",thetelegraph.com,489
3,"[positive, tested, news, home, people]",iheart.com,3304
3,"[positive, tested, news, home, people]",prokerala.com,445
3,"[positive, tested, news, home, people]",pressandjournal.co.uk,296
3,"[positive, tested, news, home, people]",cnbc.com,111
3,"[positive, tested, news, home, people]",msn.com,2146
3,"[positive, tested, news, home, people]",theguardian.com,447
3,"[positive, tested, news, home, people]",netscape.com,119
3,"[positive, tested, news, home, people]",independent.co.uk,261
3,"[positive, tested, news, home, people]",globalnews.ca,344
3,"[positive, tested, news, home, people]",stamfordadvocate.com,227
3,"[positive, tested, news, home, people]",thestar.com.my,198
3,"[positive, tested, news, home, people]",go.com,283
3,"[positive, tested, news, home, people]",usatoday.com,295
3,"[positive, tested, news, home, people]",ndtv.com,357
3,"[positive, tested, news, home, people]",indiatoday.in,352
3,"[positive, tested, news, home, people]",eveningexpress.co.uk,328
3,"[positive, tested, news, home, people]",aljazeera.com,129
3,"[positive, tested, news, home, people]",indiatimes.com,1540
3,"[positive, tested, news, home, people]",mirror.co.uk,1450
3,"[positive, tested, news, home, people]",abs-cbn.com,173
3,"[positive, tested, news, home, people]",greenwichtime.com,201
3,"[positive, tested, news, home, people]",orissapost.com,392
3,"[positive, tested, news, home, people]",newsnow.co.uk,2785
3,"[positive, tested, news, home, people]",ksl.com,294
3,"[positive, tested, news, home, people]",newindianexpress.com,264
3,"[positive, tested, news, home, people]",stuff.co.nz,408
3,"[positive, tested, news, home, people]",thehour.com,210
3,"[positive, tested, news, home, people]",tucson.com,170
3,"[positive, tested, news, home, people]",nbcnews.com,648
3,"[positive, tested, news, home, people]",foxnews.com,1263
3,"[positive, tested, news, home, people]",cbc.ca,459
3,"[positive, tested, news, home, people]",abc.net.au,294
3,"[positive, tested, news, home, people]",nzherald.co.nz,567
3,"[positive, tested, news, home, people]",onlinenigeria.com,467
3,"[positive, tested, news, home, people]",gulfnews.com,215
3,"[positive, tested, news, home, people]",hindustantimes.com,596
3,"[positive, tested, news, home, people]",moneycontrol.com,65
9,"[trump, us, people, president, health]",chron.com,934
9,"[trump, us, people, president, health]",gazette.com,408
9,"[trump, us, people, president, health]",tucson.com,430
9,"[trump, us, people, president, health]",thehindu.com,223
9,"[trump, us, people, president, health]",onlinenigeria.com,413
9,"[trump, us, people, president, health]",nbcnews.com,988
9,"[trump, us, people, president, health]",washingtontimes.com,822
9,"[trump, us, people, president, health]",msn.com,2813
9,"[trump, us, people, president, health]",680news.com,352
9,"[trump, us, people, president, health]",yahoo.com,1573
9,"[trump, us, people, president, health]",orissapost.com,176
9,"[trump, us, people, president, health]",thestar.com,291
9,"[trump, us, people, president, health]",latimes.com,223
9,"[trump, us, people, president, health]",thetelegraph.com,1080
9,"[trump, us, people, president, health]",foxnews.com,659
9,"[trump, us, people, president, health]",reuters.com,2371
9,"[trump, us, people, president, health]",abc.net.au,93
9,"[trump, us, people, president, health]",scoop.co.nz,37
9,"[trump, us, people, president, health]",news.com.au,159
9,"[trump, us, people, president, health]",independent.co.uk,276
9,"[trump, us, people, president, health]",apnews.com,377
9,"[trump, us, people, president, health]",moneycontrol.com,75
9,"[trump, us, people, president, health]",stamfordadvocate.com,422
9,"[trump, us, people, president, health]",daijiworld.com,133
9,"[trump, us, people, president, health]",indiatoday.in,147
9,"[trump, us, people, president, health]",news12.com,464
9,"[trump, us, people, president, health]",ksl.com,522
9,"[trump, us, people, president, health]",thehour.com,441
9,"[trump, us, people, president, health]",stuff.co.nz,139
9,"[trump, us, people, president, health]",globalnews.ca,366
9,"[trump, us, people, president, health]",cnbc.com,227
9,"[trump, us, people, president, health]",forbes.com,194
9,"[trump, us, people, president, health]",sfgate.com,1423
9,"[trump, us, people, president, health]",mirror.co.uk,81
9,"[trump, us, people, president, health]",prnewswire.com,50
9,"[trump, us, people, president, health]",thejakartapost.com,160
9,"[trump, us, people, president, health]",nzherald.co.nz,121
9,"[trump, us, people, president, health]",newindianexpress.com,114
9,"[trump, us, people, president, health]",pressandjournal.co.uk,91
9,"[trump, us, people, president, health]",washingtonpost.com,1032
9,"[trump, us, people, president, health]",thenews.com.pk,311
9,"[trump, us, people, president, health]",wfmz.com,362
9,"[trump, us, people, president, health]",gulfnews.com,139
9,"[trump, us, people, president, health]",inquirer.net,434
9,"[trump, us, people, president, health]",newstimes.com,358
9,"[trump, us, people, president, health]",fool.com,22
9,"[trump, us, people, president, health]",ibtimes.com,349
9,"[trump, us, people, president, health]",financialexpress.com,94
9,"[trump, us, people, president, health]",stltoday.com,438
9,"[trump, us, people, president, health]",netscape.com,386
9,"[trump, us, people, president, health]",reliefweb.int,405
9,"[trump, us, people, president, health]",express.co.uk,235
9,"[trump, us, people, president, health]",xinhuanet.com,257
9,"[trump, us, people, president, health]",princegeorgecitizen.com,189
9,"[trump, us, people, president, health]",usatoday.com,340
9,"[trump, us, people, president, health]",bbc.co.uk,134
9,"[trump, us, people, president, health]",theglobeandmail.com,127
9,"[trump, us, people, president, health]",ctvnews.ca,272
9,"[trump, us, people, president, health]",timesofisrael.com,430
9,"[trump, us, people, president, health]",indianexpress.com,223
9,"[trump, us, people, president, health]",straitstimes.com,238
9,"[trump, us, people, president, health]",ndtv.com,161
9,"[trump, us, people, president, health]",indiatimes.com,584
9,"[trump, us, people, president, health]",eveningexpress.co.uk,92
9,"[trump, us, people, president, health]",cnn.com,509
9,"[trump, us, people, president, health]",thestar.com.my,354
9,"[trump, us, people, president, health]",aljazeera.com,402
9,"[trump, us, people, president, health]",go.com,509
9,"[trump, us, people, president, health]",greenwichtime.com,414
9,"[trump, us, people, president, health]",cbc.ca,187
9,"[trump, us, people, president, health]",nhregister.com,431
9,"[trump, us, people, president, health]",prokerala.com,167
9,"[trump, us, people, president, health]",marketwatch.com,257
9,"[trump, us, people, president, health]",dailymail.co.uk,1069
9,"[trump, us, people, president, health]",chinadaily.com.cn,228
9,"[trump, us, people, president, health]",firstpost.com,153
9,"[trump, us, people, president, health]",lmtonline.com,452
9,"[trump, us, people, president, health]",telegraph.co.uk,107
9,"[trump, us, people, president, health]",siouxcityjournal.com,342
9,"[trump, us, people, president, health]",thehill.com,888
9,"[trump, us, people, president, health]",channelnewsasia.com,229
9,"[trump, us, people, president, health]",abs-cbn.com,173
9,"[trump, us, people, president, health]",timesnownews.com,149
9,"[trump, us, people, president, health]",seattlepi.com,485
9,"[trump, us, people, president, health]",hindustantimes.com,269
9,"[trump, us, people, president, health]",nytimes.com,722
9,"[trump, us, people, president, health]",allafrica.com,801
9,"[trump, us, people, president, health]",accesswdun.com,460
9,"[trump, us, people, president, health]",business-standard.com,484
9,"[trump, us, people, president, health]",bbc.com,192
9,"[trump, us, people, president, health]",ctpost.com,432
9,"[trump, us, people, president, health]",wickedlocal.com,666
9,"[trump, us, people, president, health]",newsnow.co.uk,506
9,"[trump, us, people, president, health]",dawn.com,166
9,"[trump, us, people, president, health]",iheart.com,1169
9,"[trump, us, people, president, health]",china.org.cn,158
9,"[trump, us, people, president, health]",aninews.in,125
9,"[trump, us, people, president, health]",patch.com,254
9,"[trump, us, people, president, health]",theguardian.com,279
9,"[trump, us, people, president, health]",vanguardngr.com,458
2,"[cases, new, deaths, confirmed, number]",timesofisrael.com,681
2,"[cases, new, deaths, confirmed, number]",onlinenigeria.com,519
2,"[cases, new, deaths, confirmed, number]",reliefweb.int,825
2,"[cases, new, deaths, confirmed, number]",reuters.com,7684
2,"[cases, new, deaths, confirmed, number]",daijiworld.com,702
2,"[cases, new, deaths, confirmed, number]",thestar.com.my,1349
2,"[cases, new, deaths, confirmed, number]",stltoday.com,511
2,"[cases, new, deaths, confirmed, number]",ndtv.com,592
2,"[cases, new, deaths, confirmed, number]",thestar.com,334
2,"[cases, new, deaths, confirmed, number]",lmtonline.com,401
2,"[cases, new, deaths, confirmed, number]",foxnews.com,351
2,"[cases, new, deaths, confirmed, number]",bbc.co.uk,287
2,"[cases, new, deaths, confirmed, number]",usatoday.com,132
2,"[cases, new, deaths, confirmed, number]",newstimes.com,292
2,"[cases, new, deaths, confirmed, number]",yahoo.com,2375
2,"[cases, new, deaths, confirmed, number]",channelnewsasia.com,805
2,"[cases, new, deaths, confirmed, number]",indianexpress.com,974
2,"[cases, new, deaths, confirmed, number]",eveningexpress.co.uk,224
2,"[cases, new, deaths, confirmed, number]",orissapost.com,939
2,"[cases, new, deaths, confirmed, number]",dailymail.co.uk,1283
2,"[cases, new, deaths, confirmed, number]",thehindu.com,1433
2,"[cases, new, deaths, confirmed, number]",chron.com,970
2,"[cases, new, deaths, confirmed, number]",aljazeera.com,597
2,"[cases, new, deaths, confirmed, number]",abc.net.au,297
2,"[cases, new, deaths, confirmed, number]",washingtontimes.com,629
2,"[cases, new, deaths, confirmed, number]",accesswdun.com,576
2,"[cases, new, deaths, confirmed, number]",inquirer.net,1022
2,"[cases, new, deaths, confirmed, number]",moneycontrol.com,324
2,"[cases, new, deaths, confirmed, number]",vanguardngr.com,491
2,"[cases, new, deaths, confirmed, number]",prokerala.com,1145
2,"[cases, new, deaths, confirmed, number]",pressandjournal.co.uk,216
2,"[cases, new, deaths, confirmed, number]",newindianexpress.com,766
2,"[cases, new, deaths, confirmed, number]",greenwichtime.com,296
2,"[cases, new, deaths, confirmed, number]",thenews.com.pk,720
2,"[cases, new, deaths, confirmed, number]",indiatoday.in,670
2,"[cases, new, deaths, confirmed, number]",china.org.cn,1406
2,"[cases, new, deaths, confirmed, number]",dawn.com,340
2,"[cases, new, deaths, confirmed, number]",siouxcityjournal.com,365
2,"[cases, new, deaths, confirmed, number]",nzherald.co.nz,516
2,"[cases, new, deaths, confirmed, number]",680news.com,386
2,"[cases, new, deaths, confirmed, number]",allafrica.com,1187
2,"[cases, new, deaths, confirmed, number]",newsnow.co.uk,302
2,"[cases, new, deaths, confirmed, number]",apnews.com,410
2,"[cases, new, deaths, confirmed, number]",gulfnews.com,689
2,"[cases, new, deaths, confirmed, number]",thehour.com,331
2,"[cases, new, deaths, confirmed, number]",forbes.com,202
2,"[cases, new, deaths, confirmed, number]",chinadaily.com.cn,489
2,"[cases, new, deaths, confirmed, number]",ctpost.com,310
2,"[cases, new, deaths, confirmed, number]",latimes.com,247
2,"[cases, new, deaths, confirmed, number]",wickedlocal.com,933
2,"[cases, new, deaths, confirmed, number]",theguardian.com,451
2,"[cases, new, deaths, confirmed, number]",nbcnews.com,812
2,"[cases, new, deaths, confirmed, number]",nytimes.com,963
2,"[cases, new, deaths, confirmed, number]",netscape.com,507
2,"[cases, new, deaths, confirmed, number]",seattlepi.com,419
2,"[cases, new, deaths, confirmed, number]",msn.com,5165
2,"[cases, new, deaths, confirmed, number]",tucson.com,542
2,"[cases, new, deaths, confirmed, number]",ksl.com,689
2,"[cases, new, deaths, confirmed, number]",express.co.uk,213
2,"[cases, new, deaths, confirmed, number]",thetelegraph.com,703
2,"[cases, new, deaths, confirmed, number]",telegraph.co.uk,159
2,"[cases, new, deaths, confirmed, number]",ctvnews.ca,1133
2,"[cases, new, deaths, confirmed, number]",mirror.co.uk,249
2,"[cases, new, deaths, confirmed, number]",bbc.com,373
2,"[cases, new, deaths, confirmed, number]",marketwatch.com,234
2,"[cases, new, deaths, confirmed, number]",fool.com,63
2,"[cases, new, deaths, confirmed, number]",stamfordadvocate.com,301
2,"[cases, new, deaths, confirmed, number]",news.com.au,345
2,"[cases, new, deaths, confirmed, number]",abs-cbn.com,571
2,"[cases, new, deaths, confirmed, number]",globalnews.ca,796
2,"[cases, new, deaths, confirmed, number]",firstpost.com,403
2,"[cases, new, deaths, confirmed, number]",gazette.com,379
2,"[cases, new, deaths, confirmed, number]",independent.co.uk,175
2,"[cases, new, deaths, confirmed, number]",ibtimes.com,403
2,"[cases, new, deaths, confirmed, number]",business-standard.com,3163
2,"[cases, new, deaths, confirmed, number]",indiatimes.com,2803
2,"[cases, new, deaths, confirmed, number]",aninews.in,1873
2,"[cases, new, deaths, confirmed, number]",straitstimes.com,884
2,"[cases, new, deaths, confirmed, number]",iheart.com,2027
2,"[cases, new, deaths, confirmed, number]",thejakartapost.com,484
2,"[cases, new, deaths, confirmed, number]",news12.com,593
2,"[cases, new, deaths, confirmed, number]",go.com,473
2,"[cases, new, deaths, confirmed, number]",cbc.ca,750
2,"[cases, new, deaths, confirmed, number]",xinhuanet.com,2991
2,"[cases, new, deaths, confirmed, number]",timesnownews.com,800
2,"[cases, new, deaths, confirmed, number]",scoop.co.nz,176
2,"[cases, new, deaths, confirmed, number]",wfmz.com,401
2,"[cases, new, deaths, confirmed, number]",cnn.com,323
2,"[cases, new, deaths, confirmed, number]",financialexpress.com,415
2,"[cases, new, deaths, confirmed, number]",sfgate.com,1081
2,"[cases, new, deaths, confirmed, number]",washingtonpost.com,486
2,"[cases, new, deaths, confirmed, number]",theglobeandmail.com,268
2,"[cases, new, deaths, confirmed, number]",princegeorgecitizen.com,391
2,"[cases, new, deaths, confirmed, number]",hindustantimes.com,1450
2,"[cases, new, deaths, confirmed, number]",thehill.com,298
2,"[cases, new, deaths, confirmed, number]",cnbc.com,454
2,"[cases, new, deaths, confirmed, number]",nhregister.com,389
2,"[cases, new, deaths, confirmed, number]",patch.com,946
2,"[cases, new, deaths, confirmed, number]",prnewswire.com,19
2,"[cases, new, deaths, confirmed, number]",stuff.co.nz,351
1,"[market, us, economic, global, economy]",chron.com,834
1,"[market, us, economic, global, economy]",reuters.com,17142
1,"[market, us, economic, global, economy]",patch.com,116
1,"[market, us, economic, global, economy]",scoop.co.nz,522
1,"[market, us, economic, global, economy]",washingtonpost.com,792
1,"[market, us, economic, global, economy]",foxnews.com,178
1,"[market, us, economic, global, economy]",prnewswire.com,1808
1,"[market, us, economic, global, economy]",apnews.com,381
1,"[market, us, economic, global, economy]",dailymail.co.uk,1109
1,"[market, us, economic, global, economy]",ctpost.com,268
1,"[market, us, economic, global, economy]",thehindu.com,531
1,"[market, us, economic, global, economy]",cbc.ca,290
1,"[market, us, economic, global, economy]",news.com.au,203
1,"[market, us, economic, global, economy]",business-standard.com,2388
1,"[market, us, economic, global, economy]",chinadaily.com.cn,512
1,"[market, us, economic, global, economy]",channelnewsasia.com,863
1,"[market, us, economic, global, economy]",mirror.co.uk,44
1,"[market, us, economic, global, economy]",stltoday.com,568
1,"[market, us, economic, global, economy]",bbc.co.uk,174
1,"[market, us, economic, global, economy]",ksl.com,352
1,"[market, us, economic, global, economy]",sfgate.com,868
1,"[market, us, economic, global, economy]",indiatoday.in,298
1,"[market, us, economic, global, economy]",abs-cbn.com,256
1,"[market, us, economic, global, economy]",independent.co.uk,119
1,"[market, us, economic, global, economy]",straitstimes.com,699
1,"[market, us, economic, global, economy]",siouxcityjournal.com,263
1,"[market, us, economic, global, economy]",bbc.com,174
1,"[market, us, economic, global, economy]",nbcnews.com,417
1,"[market, us, economic, global, economy]",thehill.com,504
1,"[market, us, economic, global, economy]",yahoo.com,7898
1,"[market, us, economic, global, economy]",thejakartapost.com,476
1,"[market, us, economic, global, economy]",accesswdun.com,358
1,"[market, us, economic, global, economy]",stuff.co.nz,313
1,"[market, us, economic, global, economy]",thetelegraph.com,618
1,"[market, us, economic, global, economy]",nhregister.com,244
1,"[market, us, economic, global, economy]",pressandjournal.co.uk,244
1,"[market, us, economic, global, economy]",firstpost.com,658
1,"[market, us, economic, global, economy]",ibtimes.com,748
1,"[market, us, economic, global, economy]",netscape.com,951
1,"[market, us, economic, global, economy]",newsnow.co.uk,1214
1,"[market, us, economic, global, economy]",iheart.com,561
1,"[market, us, economic, global, economy]",fool.com,2938
1,"[market, us, economic, global, economy]",news12.com,290
1,"[market, us, economic, global, economy]",go.com,277
1,"[market, us, economic, global, economy]",orissapost.com,388
1,"[market, us, economic, global, economy]",wfmz.com,299
1,"[market, us, economic, global, economy]",forbes.com,1360
1,"[market, us, economic, global, economy]",indiatimes.com,3378
1,"[market, us, economic, global, economy]",newindianexpress.com,248
1,"[market, us, economic, global, economy]",nytimes.com,980
1,"[market, us, economic, global, economy]",nzherald.co.nz,459
1,"[market, us, economic, global, economy]",usatoday.com,192
1,"[market, us, economic, global, economy]",dawn.com,435
1,"[market, us, economic, global, economy]",ctvnews.ca,371
1,"[market, us, economic, global, economy]",inquirer.net,416
1,"[market, us, economic, global, economy]",tucson.com,291
1,"[market, us, economic, global, economy]",wickedlocal.com,398
1,"[market, us, economic, global, economy]",telegraph.co.uk,354
1,"[market, us, economic, global, economy]",latimes.com,166
1,"[market, us, economic, global, economy]",globalnews.ca,240
1,"[market, us, economic, global, economy]",vanguardngr.com,402
1,"[market, us, economic, global, economy]",seattlepi.com,374
1,"[market, us, economic, global, economy]",ndtv.com,621
1,"[market, us, economic, global, economy]",thestar.com,481
1,"[market, us, economic, global, economy]",greenwichtime.com,283
1,"[market, us, economic, global, economy]",prokerala.com,436
1,"[market, us, economic, global, economy]",financialexpress.com,1009
1,"[market, us, economic, global, economy]",thenews.com.pk,678
1,"[market, us, economic, global, economy]",express.co.uk,297
1,"[market, us, economic, global, economy]",theglobeandmail.com,1109
1,"[market, us, economic, global, economy]",theguardian.com,395
1,"[market, us, economic, global, economy]",cnn.com,237
1,"[market, us, economic, global, economy]",marketwatch.com,3845
1,"[market, us, economic, global, economy]",reliefweb.int,564
1,"[market, us, economic, global, economy]",msn.com,3926
1,"[market, us, economic, global, economy]",timesofisrael.com,131
1,"[market, us, economic, global, economy]",washingtontimes.com,492
1,"[market, us, economic, global, economy]",onlinenigeria.com,170
1,"[market, us, economic, global, economy]",timesnownews.com,418
1,"[market, us, economic, global, economy]",eveningexpress.co.uk,243
1,"[market, us, economic, global, economy]",allafrica.com,1042
1,"[market, us, economic, global, economy]",gazette.com,230
1,"[market, us, economic, global, economy]",china.org.cn,283
1,"[market, us, economic, global, economy]",lmtonline.com,352
1,"[market, us, economic, global, economy]",aljazeera.com,578
1,"[market, us, economic, global, economy]",cnbc.com,1636
1,"[market, us, economic, global, economy]",thestar.com.my,881
1,"[market, us, economic, global, economy]",moneycontrol.com,1553
1,"[market, us, economic, global, economy]",abc.net.au,256
1,"[market, us, economic, global, economy]",680news.com,365
1,"[market, us, economic, global, economy]",hindustantimes.com,551
1,"[market, us, economic, global, economy]",indianexpress.com,499
1,"[market, us, economic, global, economy]",newstimes.com,250
1,"[market, us, economic, global, economy]",daijiworld.com,350
1,"[market, us, economic, global, economy]",xinhuanet.com,707
1,"[market, us, economic, global, economy]",princegeorgecitizen.com,371
1,"[market, us, economic, global, economy]",aninews.in,288
1,"[market, us, economic, global, economy]",gulfnews.com,362
1,"[market, us, economic, global, economy]",stamfordadvocate.com,275
1,"[market, us, economic, global, economy]",thehour.com,303
6,"[people, virus, health, vaccine, spread]",ndtv.com,273
6,"[people, virus, health, vaccine, spread]",timesofisrael.com,589
6,"[people, virus, health, vaccine, spread]",patch.com,215
6,"[people, virus, health, vaccine, spread]",chron.com,685
6,"[people, virus, health, vaccine, spread]",siouxcityjournal.com,224
6,"[people, virus, health, vaccine, spread]",globalnews.ca,440
6,"[people, virus, health, vaccine, spread]",fool.com,237
6,"[people, virus, health, vaccine, spread]",telegraph.co.uk,835
6,"[people, virus, health, vaccine, spread]",prnewswire.com,456
6,"[people, virus, health, vaccine, spread]",bbc.co.uk,620
6,"[people, virus, health, vaccine, spread]",mirror.co.uk,401
6,"[people, virus, health, vaccine, spread]",vanguardngr.com,561
6,"[people, virus, health, vaccine, spread]",daijiworld.com,289
6,"[people, virus, health, vaccine, spread]",hindustantimes.com,633
6,"[people, virus, health, vaccine, spread]",washingtonpost.com,1049
6,"[people, virus, health, vaccine, spread]",iheart.com,1054
6,"[people, virus, health, vaccine, spread]",forbes.com,708
6,"[people, virus, health, vaccine, spread]",lmtonline.com,281
6,"[people, virus, health, vaccine, spread]",business-standard.com,840
6,"[people, virus, health, vaccine, spread]",stamfordadvocate.com,260
6,"[people, virus, health, vaccine, spread]",nbcnews.com,751
6,"[people, virus, health, vaccine, spread]",news12.com,281
6,"[people, virus, health, vaccine, spread]",cnn.com,356
6,"[people, virus, health, vaccine, spread]",msn.com,3502
6,"[people, virus, health, vaccine, spread]",channelnewsasia.com,510
6,"[people, virus, health, vaccine, spread]",express.co.uk,782
6,"[people, virus, health, vaccine, spread]",greenwichtime.com,246
6,"[people, virus, health, vaccine, spread]",allafrica.com,1621
6,"[people, virus, health, vaccine, spread]",aninews.in,205
6,"[people, virus, health, vaccine, spread]",apnews.com,242
6,"[people, virus, health, vaccine, spread]",yahoo.com,2826
6,"[people, virus, health, vaccine, spread]",wfmz.com,259
6,"[people, virus, health, vaccine, spread]",ctpost.com,280
6,"[people, virus, health, vaccine, spread]",financialexpress.com,293
6,"[people, virus, health, vaccine, spread]",thestar.com.my,618
6,"[people, virus, health, vaccine, spread]",seattlepi.com,287
6,"[people, virus, health, vaccine, spread]",eveningexpress.co.uk,464
6,"[people, virus, health, vaccine, spread]",nytimes.com,1097
6,"[people, virus, health, vaccine, spread]",accesswdun.com,270
6,"[people, virus, health, vaccine, spread]",680news.com,298
6,"[people, virus, health, vaccine, spread]",ksl.com,304
6,"[people, virus, health, vaccine, spread]",thestar.com,431
6,"[people, virus, health, vaccine, spread]",stuff.co.nz,528
6,"[people, virus, health, vaccine, spread]",straitstimes.com,639
6,"[people, virus, health, vaccine, spread]",ibtimes.com,448
6,"[people, virus, health, vaccine, spread]",thetelegraph.com,621
6,"[people, virus, health, vaccine, spread]",inquirer.net,431
6,"[people, virus, health, vaccine, spread]",indiatoday.in,304
6,"[people, virus, health, vaccine, spread]",timesnownews.com,451
6,"[people, virus, health, vaccine, spread]",xinhuanet.com,421
6,"[people, virus, health, vaccine, spread]",theguardian.com,1084
6,"[people, virus, health, vaccine, spread]",reliefweb.int,908
6,"[people, virus, health, vaccine, spread]",abs-cbn.com,337
6,"[people, virus, health, vaccine, spread]",latimes.com,324
6,"[people, virus, health, vaccine, spread]",thehindu.com,576
6,"[people, virus, health, vaccine, spread]",princegeorgecitizen.com,231
6,"[people, virus, health, vaccine, spread]",washingtontimes.com,396
6,"[people, virus, health, vaccine, spread]",gulfnews.com,335
6,"[people, virus, health, vaccine, spread]",dailymail.co.uk,2424
6,"[people, virus, health, vaccine, spread]",usatoday.com,275
6,"[people, virus, health, vaccine, spread]",reuters.com,2700
6,"[people, virus, health, vaccine, spread]",firstpost.com,375
6,"[people, virus, health, vaccine, spread]",tucson.com,378
6,"[people, virus, health, vaccine, spread]",thehill.com,478
6,"[people, virus, health, vaccine, spread]",theglobeandmail.com,473
6,"[people, virus, health, vaccine, spread]",foxnews.com,522
6,"[people, virus, health, vaccine, spread]",newindianexpress.com,267
6,"[people, virus, health, vaccine, spread]",news.com.au,446
6,"[people, virus, health, vaccine, spread]",newstimes.com,218
6,"[people, virus, health, vaccine, spread]",marketwatch.com,314
6,"[people, virus, health, vaccine, spread]",orissapost.com,372
6,"[people, virus, health, vaccine, spread]",independent.co.uk,357
6,"[people, virus, health, vaccine, spread]",wickedlocal.com,874
6,"[people, virus, health, vaccine, spread]",aljazeera.com,558
6,"[people, virus, health, vaccine, spread]",moneycontrol.com,255
6,"[people, virus, health, vaccine, spread]",go.com,492
6,"[people, virus, health, vaccine, spread]",scoop.co.nz,370
6,"[people, virus, health, vaccine, spread]",onlinenigeria.com,359
6,"[people, virus, health, vaccine, spread]",sfgate.com,785
6,"[people, virus, health, vaccine, spread]",thejakartapost.com,456
6,"[people, virus, health, vaccine, spread]",thehour.com,244
6,"[people, virus, health, vaccine, spread]",indiatimes.com,1484
6,"[people, virus, health, vaccine, spread]",dawn.com,561
6,"[people, virus, health, vaccine, spread]",newsnow.co.uk,449
6,"[people, virus, health, vaccine, spread]",pressandjournal.co.uk,442
6,"[people, virus, health, vaccine, spread]",prokerala.com,353
6,"[people, virus, health, vaccine, spread]",ctvnews.ca,505
6,"[people, virus, health, vaccine, spread]",indianexpress.com,464
6,"[people, virus, health, vaccine, spread]",nhregister.com,267
6,"[people, virus, health, vaccine, spread]",chinadaily.com.cn,736
6,"[people, virus, health, vaccine, spread]",nzherald.co.nz,637
6,"[people, virus, health, vaccine, spread]",bbc.com,609
6,"[people, virus, health, vaccine, spread]",gazette.com,210
6,"[people, virus, health, vaccine, spread]",cbc.ca,547
6,"[people, virus, health, vaccine, spread]",stltoday.com,356
6,"[people, virus, health, vaccine, spread]",china.org.cn,244
6,"[people, virus, health, vaccine, spread]",abc.net.au,491
6,"[people, virus, health, vaccine, spread]",cnbc.com,323
6,"[people, virus, health, vaccine, spread]",thenews.com.pk,819
6,"[people, virus, health, vaccine, spread]",netscape.com,287
5,"[patients, hospital, health, care, medical]",thestar.com.my,366
5,"[patients, hospital, health, care, medical]",fool.com,176
5,"[patients, hospital, health, care, medical]",patch.com,249
5,"[patients, hospital, health, care, medical]",nytimes.com,594
5,"[patients, hospital, health, care, medical]",washingtontimes.com,285
5,"[patients, hospital, health, care, medical]",onlinenigeria.com,321
5,"[patients, hospital, health, care, medical]",stltoday.com,258
5,"[patients, hospital, health, care, medical]",independent.co.uk,190
5,"[patients, hospital, health, care, medical]",msn.com,2142
5,"[patients, hospital, health, care, medical]",nzherald.co.nz,259
5,"[patients, hospital, health, care, medical]",foxnews.com,301
5,"[patients, hospital, health, care, medical]",pressandjournal.co.uk,278
5,"[patients, hospital, health, care, medical]",ctvnews.ca,500
5,"[patients, hospital, health, care, medical]",indiatimes.com,3127
5,"[patients, hospital, health, care, medical]",eveningexpress.co.uk,284
5,"[patients, hospital, health, care, medical]",chinadaily.com.cn,226
5,"[patients, hospital, health, care, medical]",latimes.com,221
5,"[patients, hospital, health, care, medical]",scoop.co.nz,104
5,"[patients, hospital, health, care, medical]",vanguardngr.com,451
5,"[patients, hospital, health, care, medical]",thehindu.com,1640
5,"[patients, hospital, health, care, medical]",newindianexpress.com,690
5,"[patients, hospital, health, care, medical]",tucson.com,209
5,"[patients, hospital, health, care, medical]",thestar.com,316
5,"[patients, hospital, health, care, medical]",nhregister.com,230
5,"[patients, hospital, health, care, medical]",wickedlocal.com,941
5,"[patients, hospital, health, care, medical]",prokerala.com,847
5,"[patients, hospital, health, care, medical]",timesofisrael.com,224
5,"[patients, hospital, health, care, medical]",business-standard.com,2219
5,"[patients, hospital, health, care, medical]",daijiworld.com,545
5,"[patients, hospital, health, care, medical]",moneycontrol.com,287
5,"[patients, hospital, health, care, medical]",abs-cbn.com,267
5,"[patients, hospital, health, care, medical]",newstimes.com,183
5,"[patients, hospital, health, care, medical]",apnews.com,187
5,"[patients, hospital, health, care, medical]",aljazeera.com,280
5,"[patients, hospital, health, care, medical]",princegeorgecitizen.com,227
5,"[patients, hospital, health, care, medical]",chron.com,548
5,"[patients, hospital, health, care, medical]",lmtonline.com,252
5,"[patients, hospital, health, care, medical]",reliefweb.int,430
5,"[patients, hospital, health, care, medical]",channelnewsasia.com,297
5,"[patients, hospital, health, care, medical]",inquirer.net,462
5,"[patients, hospital, health, care, medical]",express.co.uk,187
5,"[patients, hospital, health, care, medical]",china.org.cn,188
5,"[patients, hospital, health, care, medical]",globalnews.ca,346
5,"[patients, hospital, health, care, medical]",marketwatch.com,190
5,"[patients, hospital, health, care, medical]",cbc.ca,664
5,"[patients, hospital, health, care, medical]",straitstimes.com,282
5,"[patients, hospital, health, care, medical]",gazette.com,178
5,"[patients, hospital, health, care, medical]",news12.com,248
5,"[patients, hospital, health, care, medical]",theguardian.com,439
5,"[patients, hospital, health, care, medical]",news.com.au,121
5,"[patients, hospital, health, care, medical]",cnn.com,287
5,"[patients, hospital, health, care, medical]",accesswdun.com,204
5,"[patients, hospital, health, care, medical]",thetelegraph.com,601
5,"[patients, hospital, health, care, medical]",indiatoday.in,599
5,"[patients, hospital, health, care, medical]",sfgate.com,756
5,"[patients, hospital, health, care, medical]",mirror.co.uk,262
5,"[patients, hospital, health, care, medical]",bbc.com,299
5,"[patients, hospital, health, care, medical]",firstpost.com,456
5,"[patients, hospital, health, care, medical]",stuff.co.nz,196
5,"[patients, hospital, health, care, medical]",wfmz.com,216
5,"[patients, hospital, health, care, medical]",dailymail.co.uk,1566
5,"[patients, hospital, health, care, medical]",allafrica.com,822
5,"[patients, hospital, health, care, medical]",abc.net.au,173
5,"[patients, hospital, health, care, medical]",aninews.in,1118
5,"[patients, hospital, health, care, medical]",thejakartapost.com,235
5,"[patients, hospital, health, care, medical]",bbc.co.uk,349
5,"[patients, hospital, health, care, medical]",newsnow.co.uk,261
5,"[patients, hospital, health, care, medical]",stamfordadvocate.com,207
5,"[patients, hospital, health, care, medical]",financialexpress.com,544
5,"[patients, hospital, health, care, medical]",iheart.com,900
5,"[patients, hospital, health, care, medical]",netscape.com,160
5,"[patients, hospital, health, care, medical]",cnbc.com,150
5,"[patients, hospital, health, care, medical]",greenwichtime.com,203
5,"[patients, hospital, health, care, medical]",680news.com,195
5,"[patients, hospital, health, care, medical]",theglobeandmail.com,274
5,"[patients, hospital, health, care, medical]",usatoday.com,192
5,"[patients, hospital, health, care, medical]",hindustantimes.com,1313
5,"[patients, hospital, health, care, medical]",xinhuanet.com,349
5,"[patients, hospital, health, care, medical]",reuters.com,1705
5,"[patients, hospital, health, care, medical]",ibtimes.com,206
5,"[patients, hospital, health, care, medical]",siouxcityjournal.com,142
5,"[patients, hospital, health, care, medical]",thenews.com.pk,1007
5,"[patients, hospital, health, care, medical]",thehill.com,194
5,"[patients, hospital, health, care, medical]",telegraph.co.uk,223
5,"[patients, hospital, health, care, medical]",gulfnews.com,294
5,"[patients, hospital, health, care, medical]",dawn.com,653
5,"[patients, hospital, health, care, medical]",seattlepi.com,208
5,"[patients, hospital, health, care, medical]",washingtonpost.com,490
5,"[patients, hospital, health, care, medical]",prnewswire.com,472
5,"[patients, hospital, health, care, medical]",timesnownews.com,752
5,"[patients, hospital, health, care, medical]",ndtv.com,507
5,"[patients, hospital, health, care, medical]",thehour.com,205
5,"[patients, hospital, health, care, medical]",ctpost.com,175
5,"[patients, hospital, health, care, medical]",orissapost.com,710
5,"[patients, hospital, health, care, medical]",yahoo.com,1753
5,"[patients, hospital, health, care, medical]",go.com,323
5,"[patients, hospital, health, care, medical]",indianexpress.com,1688
5,"[patients, hospital, health, care, medical]",ksl.com,243
5,"[patients, hospital, health, care, medical]",nbcnews.com,466
5,"[patients, hospital, health, care, medical]",forbes.com,238